{"cameraMode":{"drawMode":0,"name":"Shaded","section":"Shading Mode"},"sceneLighting":false,"audioPlay":false,"sceneViewState":{"showFog":true,"showMaterialUpdate":false,"showSkybox":false,"showFlares":true,"showImageEffects":true,"showParticleSystems":true},"in2DMode":false,"pivot":{"x":2.6931676864624025,"y":2.6505048274993898,"z":-0.35636764764785769},"rotation":{"x":-0.16712553799152375,"y":0.6568624377250671,"z":-0.15262871980667115,"w":-0.7192457318305969},"size":0.23553425073623658,"orthographic":false}